id,capability,points,sourcePages,basicLocalDisposition,evidenceModules,currentBehaviorAndGap,acceptanceToClose,reviewedAgainst,acceptedByBuyer,workstreams
A1.1,Single constituent record,40,15 / 22,Partial,"P, I","Guarded admin preview/commit consolidates eligible current references, restrictive contact preferences and contacts/segments while retaining a read-only source alias. Protected acknowledgments, clocks, receipts and event history can block merging; universal historical consolidation is not implemented. September 15 continuation: Deterministic duplicate detection now proposes candidates with cited evidence and never merges; a person/organization pair is detected but permanently blocked, and protected history blocks a pair with its citation. Detection is recall-bounded on purpose: it matches normalised identifiers rather than guessing, so no-candidates does not mean no duplicates. Universal historical consolidation and buyer-approved resolution policy remain open.","Buyer-approved duplicate cases, including blocked protected history, require an accepted safe resolution/alias policy without losing or double-counting records.",Final RFP; supplied addenda; source baseline 94c8498 plus bounded September 13 Staff/dashboard/schedule corrections,False,One constituent across business roles
A1.2,All constituent categories,40,15 / 22,Local,"P, V, I, C, R","One identity retains a primary category and canonical additional categories within the same person or organization family. Staff/Employee/Alumni memberships are supported across native editing, directory filtering/CSV, normalized conversion, eligible annual payroll receipts/statements, audiences and reports. Compatible-category merge unions memberships while protecting original aliases/history and cents. Categories grant no login permissions or consent. Buyer acceptance and production operation remain unverified; protected universal historical merge resolution belongs to A1.1.",One fictional employee/staff donor who also volunteers retains one profile and all applicable activity.,Final RFP A1.2 / Attachment H; supplied Q&A and addenda; September 13 constituent-category continuation; CONSTITUENT-CATEGORIES-RELEASE.md and source-pinned local verification,False,One constituent across business roles
A1.3,Householding,40,15 / 22,Local,"P, R","Managed household name/address/member maintenance, unique person membership and synchronized profile recognition text exist. Browser creation verified; no gifts are rewritten.","Accept household policy, member change/reset and actual-data recognition/output without double counting.",Final RFP; supplied addenda; source baseline 94c8498 plus bounded September 13 Staff/dashboard/schedule corrections,False,
A1.4,Constituent relationships/subsidiaries,40,15 / 23,Local,"P, R",Parent links and descendant rollups exist. Confirm buyer relationship examples; broader graph is optional unless requested.,Parent and subsidiary contributions reconcile once per group; cyclic parent changes are rejected.,Final RFP; supplied addenda; source baseline 94c8498 plus bounded September 13 Staff/dashboard/schedule corrections,False,
A1.5,Interaction history,40,15 / 23,Local,"P, C",Dated interaction logs and linked completed acknowledgments exist. Convert real history and verify ordering/provenance.,A donor's dated interaction and acknowledgment reopen after restart with linked gift evidence.,Final RFP; supplied addenda; source baseline 94c8498 plus bounded September 13 Staff/dashboard/schedule corrections,False,
A1.6,Notes and attachments,40,15 / 23,Local,"P, G, Q","Notes and protected record-linked documents now support immutable revisions, digest-checked exact-byte downloads, visibility, archive and ten-year retention metadata extended by revisions. Browser v1/v2/history/download verified. Private historical revision metadata and byte downloads are now denied after visibility downgrade, with direct repro and regression tests.","Accept 1 MiB PDF/PNG/JPEG/TXT/CSV scope, migrate actual files and adopt retention/holds/disposal/exit operations.",Final RFP; supplied addenda; source baseline 94c8498 plus bounded September 13 Staff/dashboard/schedule corrections,False,
A1.7,Communication preferences,40,15 / 23,Local,"P, C",Saved preferences and do-not-contact checks exist. Provider consent sync remains needed for connected sends.,Opt-out blocks draft/acknowledgment paths and future provider sends honor authoritative consent.,Final RFP; supplied addenda; source baseline 94c8498 plus bounded September 13 Staff/dashboard/schedule corrections,False,
A1.8,Segmentation,40,15 / 23,Local,P,Saved comma-separated segments and search exist. Confirm buyer segment use and future audience mapping.,Persist/filter distinct segments; approved audiences exclude opt-outs and sync predictably when connected.,Final RFP; supplied addenda; source baseline 94c8498 plus bounded September 13 Staff/dashboard/schedule corrections,False,
A2.1,Annual campaigns,40,15 / 23,Local,F,Annual campaign goal/date/status and recorded gift links exist; donor acquisition/send execution is separate.,Campaign recorded gifts and split allocations reconcile with donor/designation totals.,Final RFP; supplied addenda; source baseline 94c8498 plus bounded September 13 Staff/dashboard/schedule corrections,False,
A2.2,Capital campaigns,40,15 / 23,Local,F,"Capital campaign type, goal/date/status and gift links exist. Specialized capital planning is not asserted as an explicit RFP subrequirement.","Create a capital campaign, link manual gifts, update goal/status and verify saved totals.",Final RFP; supplied addenda; source baseline 94c8498 plus bounded September 13 Staff/dashboard/schedule corrections,False,
A2.3,Major gifts,40,15 / 23,Local,"F, O","Versioned major-gift prospect/ask amount, active staff owner, stage and dated activity exist. Browser ask 2500/activity verified; asks are not received income.","Accept buyer prospect-to-ask-to-actual-gift journey, stewardship ownership and portfolio/output examples.",Final RFP; supplied addenda; source baseline 94c8498 plus bounded September 13 Staff/dashboard/schedule corrections,False,
A2.4,Planned giving,40,15 / 23,Local,F,"Planned instruments, commitments/status and actual existing Cash Planned-receipt associations reconcile separately. Browser bequest 10000 shows received 0.",Accept instrument/realization policy and actual receipt/void/unlink evidence; no legal estate planning or automated collection is provided.,Final RFP; supplied addenda; source baseline 94c8498 plus bounded September 13 Staff/dashboard/schedule corrections,False,
A2.5,Matching gifts,40,15 / 23,Local,F,"Matching organization/original gift/version, exact ratio/cap claim, activity and separate actual matching receipts are reconciled with replay/overfulfillment guards. Browser claim 123.45 shows received 0.","Accept buyer matching eligibility/round-down policy, claim lifecycle and separate donor/organization actual receipts.",Final RFP; supplied addenda; source baseline 94c8498 plus bounded September 13 Staff/dashboard/schedule corrections,False,
A2.6,Peer-to-peer fundraising,40,15 / 23,Partial,F,"Internal peer fundraiser ownership, separate aspiration goals and reasoned attribution of existing same-campaign Posted One-time Cash gifts now exist. Donor, soft credit, issued receipts and native income remain unchanged. Versioned terminal unlink/retire, current authority, private-history scope, native financial/identity guards, administrator-only reports and encrypted new-path recovery are locally tested. Public fundraiser pages, team operations and checkout are broader product targets not implemented by this slice, not additional literal A2.6 clauses.","Provide the requested peer-to-peer narrative (final RFP p15) and demonstrate the offered workflow (Attachment G p3); buyer accepts fundraiser/donor distinction, eligible existing gifts, once-only totals, private history, correction/unlink/retire and void semantics. Agree the offered broader public/team/payment scope and demonstrate it if promised. No provider refund or buyer acceptance is claimed.",Final RFP p15/scoring p23 and Attachment G p3; bounded September 13 internal peer ownership/existing-gift attribution source and focused integrity/recovery verification,False,Hosted giving and external compatibility
A2.7,Recurring gifts,40,15 / 23,Partial,F,"Recurring classification exists; provider subscription/schedule, pause/retry and executed collection are missing. September 15 continuation: Provider-neutral recurring intentions now hold schedule, pause/resume/cancel with retained reasons, bounded retry and dunning states, and settlement that reconciles to exactly one posted gift, proved under duplicate calls, restart and two concurrent worker processes. A pledge refuses the collection adapter outright, so commitment and collection cannot be conflated. Executed recurrence against an authorized provider sandbox remains absent; the adapter is a test double.","Authorized sandbox recurrence, failure/retry, pause and cancellation reconcile to posted receipts once.",Final RFP; supplied addenda; source baseline 94c8498 plus bounded September 13 Staff/dashboard/schedule corrections,False,Hosted giving and external compatibility
A2.8,Online donations/credit cards,40,16 / 23,Partial,F,"Administrator-only TEST_ONLY hosted Checkout preparation now retains exact request/source/idempotency custody and safe link, signed evidence, server verification and explicit one-gift recording. Simulated card/ACH/replay/failure/refund/dispute and built synthetic journey pass. No executed provider account, public giving, live collection or accepted processor operations.","Execute approved provider sandbox and independent donor journeys, reconcile payment/failure/cancellation/replay/refund outcomes against native gifts and manual file model; preserve the district account-link restriction.","Final RFP and supplied addenda/Q&A; September13 hosted-giving frozen source,717 integrated tests and mocked-provider built journey; actual provider/buyer acceptance remains open",False,Hosted giving and external compatibility
A2.9,Pledges,40,16 / 23,Local,"F, R","Exact-cent pledge schedules, receipt balances, overdue and void reversal exist; collection is separate.",Monthly/quarterly/annual and month-end schedules reconcile; wrong-donor/overfulfillment fails and void reopens balance.,Final RFP; supplied addenda; source baseline 94c8498 plus bounded September 13 Staff/dashboard/schedule corrections,False,
A2.10,Gift acknowledgments,40,16 / 23,Partial,C,"Selective legacy manual acknowledgments and retained configurable correspondence snapshots exist. Finalization alone remains Not sent. POST /api/gifts/:id/acknowledge can atomically link exact finalized correspondence to a staff-confirmed manual completion and gift acknowledgment; the application does not independently send, print or verify delivery. Provider delivery/automated issuance is absent. September 15 continuation: Acknowledgment correspondence can now be selectively issued through the governed messaging path with consent and suppression checked at execution, without altering the existing finalize-then-confirm ledger. Provider delivery and automated issuance remain absent.","Accept printed acknowledgment completion/link policy or implement promised selective provider delivery with consent, failure and repeat-issue evidence.",Final RFP; supplied addenda; source baseline 94c8498 plus bounded September 13 Staff/dashboard/schedule corrections,False,Recurring revenue entry and receipt operations
A2.11,Tribute/memorial gifts,40,16 / 23,Local,"F, C, I","Honor/Memory records retain original gift, named/linked honoree, distinct recipient and versioned source/history. Staff-approved donor disclosure and authoritative donor/recipient preferences gate Print/Email-draft notification preparation; explicit human review retains Not-sent originals. Donor/soft-credit identity and income are unchanged. Revoked donor disclosure now denies viewer notification/history access while preserving authorized staff originals; verified by direct repro and privacy regressions.","Buyer approves honoree/recipient/disclosure/visibility and correction policy, legacy tribute conversion and produced notification wording; synthetic tribute review/export verified; buyer acceptance pending. No sending, delivery or separate tribute income is claimed.",Final RFP; supplied addenda; source baseline 94c8498 plus bounded September 13 Staff/dashboard/schedule corrections,False,
A3.1,Online donations,40,16 / 23,Partial,F,"Staff-prepared TEST_ONLY hosted checkout and signed simulated provider evidence precede explicit server verification and separate native recording. Initial request replay and concurrent recording are guarded. A browser return or unpaid callback records no income. Public donation self-service and executed hosted-provider acceptance remain open. September 15 continuation: An unauthenticated public giving surface captures a request, creates no gift, no constituent and no consent change, and records no income on any browser return or unpaid callback. Donor self-service is a bounded, expiring, cancel-only capability token, not donor authentication. Retained return evidence is bounded and deduplicated so anonymous traffic cannot destroy the ability to produce a recovery archive. Actual online payment collection remains impossible under the district no-account-connection policy.","Approved executed hosted success/failure/pending/replay and independent public-donor acceptance map to one correct native financial outcome; complete consent, refund/reconciliation operations and adopted financial policy.","Final RFP and supplied addenda/Q&A; September13 hosted-giving frozen source,717 integrated tests and mocked-provider built journey; actual provider/buyer acceptance remains open",False,Hosted giving and external compatibility
A3.2,Credit cards/ACH,40,16 / 23,Partial,F,"Official Stripe SDK TEST_ONLY validation accepts current expanded card/us_bank_account paid facts with exact amount/currency/identity; unpaid ACH stays pending. Fresh refunded/disputed evidence denies posting and signed adjustments retain review without automatic void. Tests use mocked provider data, not actual processor acceptance/settlement.",Execute approved card and ACH sandbox pending/success/failure/refund/dispute reconciliation; establish financial operations/fees/settlement/custody and accepted provider arrangement. PAN/CVV must stay outside CRM; do not connect district payment accounts.,"Final RFP and supplied addenda/Q&A; September13 hosted-giving frozen source,717 integrated tests and mocked-provider built journey; actual provider/buyer acceptance remains open",False,Hosted giving and external compatibility
A3.3,Pledge tracking,40,16 / 24,Local,"F, R",Pledge-to-posted-receipt tracking exists; provider settlement is not inferred.,Outstanding/overdue/received reports reconcile with eligible linked gifts and void history.,Final RFP; supplied addenda; source baseline 94c8498 plus bounded September 13 Staff/dashboard/schedule corrections,False,
A3.4,Tax receipts,40,16 / 24,Partial,"C, Q","Admin-approved profile, individual/annual calendar-year Payroll receipt preparation, numbering and staff-confirmed Print/hand-sign issue/void/reissue are implemented and API-tested. Browser fictional QA profile and individual 123.45 preparation/history verified; physical print/sign issue was not performed and issuance stayed disabled with confirmations unchecked.","Buyer-approved organization/tax/benefit/noncash wording, calendar-year employee policy and actual printing/signature/issuance operations still need proof. No real tax-valid receipt, physical signing or CRM-email delivery is established.",Final RFP; supplied addenda; source baseline 94c8498 plus bounded September 13 Staff/dashboard/schedule corrections,False,Recurring revenue entry and receipt operations
A3.5,Acknowledgment letters,40,16 / 24,Local,C,"Versioned acknowledgment/annual employee templates produce selected-recipient Print or Email-draft snapshots and human-reviewed retained history. Browser two-recipient letters rendered separate correct 123.45/500 values, finalized Not sent and exported reviewed text. Actual print receipt issuance is separate; external sending remains absent.",Browser-check buyer-approved individual/annual produced letters and recipient/value/year isolation; accept hand-signed path or implement promised email delivery.,Final RFP; supplied addenda; source baseline 94c8498 plus bounded September 13 Staff/dashboard/schedule corrections,False,
A3.6,Soft credits,40,16 / 24,Local,"F, R",Explicit soft-credit recipient and nonadditive recognition reports exist.,Direct/soft and same-group overlap cases count each gift once within a recognition group.,Final RFP; supplied addenda; source baseline 94c8498 plus bounded September 13 Staff/dashboard/schedule corrections,False,
A3.7,In-kind donations,40,16 / 24,Local,"F, R",In-kind method/type consistency and separate noncash value exist.,Noncash gift persists with allocations; no monetary or fee total misclassification.,Final RFP; supplied addenda; source baseline 94c8498 plus bounded September 13 Staff/dashboard/schedule corrections,False,
A4.1,Grant prospects,40,16 / 24,Local,G,"Funder, prospect/preparing/submitted stages and request amounts exist.",Prospect transitions preserve request/history and do not create income.,Final RFP; supplied addenda; source baseline 94c8498 plus bounded September 13 Staff/dashboard/schedule corrections,False,
A4.2,Grant calendar,40,16 / 24,Local,"G, O","Active staff-owned Application/Report/Agreement milestones have versioned due dates and dated grant/type/status/range calendar filters, Open/Completed/overdue distinction and reasoned reopen. No automatic reminders or calendar provider synchronization.","Buyer accepts community-grant calendar/milestone policy, actual source dates and owner/correction workflow; synthetic grant browser completion/evidence download/reopen now verified; buyer acceptance remains pending. Reminders/submissions require separate offered capability proof.",Final RFP; supplied addenda; source baseline 94c8498 plus bounded September 13 Staff/dashboard/schedule corrections,False,Programs and event workflow completeness
A4.3,Proposal management,40,16 / 24,Local,"G, P, I","Grant stages/notes, protected proposal revisions and staff-owned Application/Agreement milestones now support explicit dated completion with valid linked Final/Submitted document category/revision, source/owner/document version checks, reference and human confirmation. No external proposal submission occurs.","Buyer approves proposal/ownership/evidence journey and actual documentary dates/wording, converts source proposals and accepts the synthetic-browser-proven completion/reopen/history against real data. External submission remains unavailable.",Final RFP; supplied addenda; source baseline 94c8498 plus bounded September 13 Staff/dashboard/schedule corrections,False,Programs and event workflow completeness
A4.4,Awards,40,16 / 24,Local,"G, F, R",Verified recorded award/date and linked funder receipts/balance exist; legacy amounts are not inferred.,"Wrong funder/type, missing award and overfulfillment fail; receipts and reversals reconcile to verified award.",Final RFP; supplied addenda; source baseline 94c8498 plus bounded September 13 Staff/dashboard/schedule corrections,False,
A4.5,Reporting deadlines,40,16 / 24,Local,"G, O, P",Versioned Report milestones record owner/due date and explicit completion only against a valid grant-linked Final/Submitted Report revision with actual nonfuture date/reference/confirmation. Stale/archived/corrupt/private evidence fails; reasoned reopening preserves prior completion.,"Buyer accepts manual reporting-completion/deadline policy and actual document evidence; synthetic grant browser completion/evidence download/reopen now verified; buyer acceptance remains pending. Workspace now supplies a role-filtered minimal milestone projection to Operations. Exact grant/kind/due-date matches follow Open→Completed(queue cleared)→reopened Open, with private history excluded. Different grant/kind/date cannot hide unrelated legacy obligations; baseline dates without matching milestones still require manual review/mapping policy. No delivered report, external reminder or automatic grant submission is implied.",Final RFP; supplied addenda; source baseline 94c8498 plus bounded September 13 Staff/dashboard/schedule corrections,False,Programs and event workflow completeness
A4.6,Detailed grant history,40,16 / 24,Local,"G, F, P, I","Grant award/receipt/audit, linked proposal/agreement/report immutable document revisions and milestone create/edit/complete/reopen history retain source/owner/document versions, exact stored source cents, actor/date/reference and archive markers. Private completion history stays role-restricted. No grant or revenue writes by milestones. Authorized minimal workspace status drives exact-match Operations completion/reopening without exposing evidence/reference/history fields.","Buyer reconciles actual ten-year source awards/files/milestones/receipts and approved history/correction policy; synthetic grant history/download/reopen journey verified; buyer history acceptance pending. Complete conversion remains C1/C2, not already completed by local history tools.",Final RFP; supplied addenda; source baseline 94c8498 plus bounded September 13 Staff/dashboard/schedule corrections,False,
A5.1,Volunteer records,40,16 / 24,Local,V,"Constituent-linked volunteer record, skills, event/time/reservation history exist.",One volunteer profile reopens with booking and historical/clocked-time records intact.,Final RFP; supplied addenda; source baseline 94c8498 plus bounded September 13 Staff/dashboard/schedule corrections,False,
A5.2,Volunteer hours,40,16 / 24,Local,V,"Staff clocks, dated intervals, undated historical hours and reasoned corrections exist.",Clock/restart/correction reconciles to ledger totals; multiple simultaneous clocks are rejected.,Final RFP; supplied addenda; source baseline 94c8498 plus bounded September 13 Staff/dashboard/schedule corrections,False,
A5.3,Volunteer skills,40,16 / 24,Local,V,Free-text skill storage/editing exists; a taxonomy/proficiency engine is not explicitly mandated.,Record and revisit agreed skill examples; demonstrate coordinator use in assignment decisions.,Final RFP; supplied addenda; source baseline 94c8498 plus bounded September 13 Staff/dashboard/schedule corrections,False,
A5.4,Volunteer scheduling,40,16 / 24,Local,V,"Staff-managed timed shifts, capacity, roster, waitlist and overlap checks exist.",Reserve at 10am/11am with distinct capacities; duplicate/overlap fails and cancellation releases correct capacity.,Final RFP; supplied addenda; source baseline 94c8498 plus bounded September 13 Staff/dashboard/schedule corrections,False,
A5.5,Reports/signup/login/clocks,40,16–17 / 24,Partial,"V, R","Volunteer reports and staff clock actions exist. Public volunteer login/self-signup is absent; narrative must say manual staff operation. September 15 continuation: Volunteers can now receive a signed, expiring, revocable personal link, sign up, sign in through it, self-cancel, and self-report arrival and departure. A claim is explicitly not confirmed hours: the modules never reference the hours ledger, staff confirm or reject with a reason, and hours stay written only by the existing staff clock, with the time-ledger reconciliation check asserted to still pass. Volunteer clock in-out therefore remains staff-operated, which the criterion asks about, so this stays Partial.",Hours/ledger report matches records; demonstrate promised signup/login option or clearly disclose manual input to buyer.,Final RFP; supplied addenda; source baseline 94c8498 plus bounded September 13 Staff/dashboard/schedule corrections,False,Programs and event workflow completeness
A5.6,Timed capacity/reminders/cancellation,40,17 / 25,Partial,V,"Timed capacity and staff cancel/waitlist history exist; volunteer self-cancel and automatic email reminders are absent. September 15 continuation: Timed capacity, waitlist promotion, self-cancel with retained history and configurable reminders are implemented, with sign-up reusing the existing reservation validation rather than duplicating capacity rules. Reminders queue through a governed transactional outbox that rechecks suppression, contact preference and a current address at execution. Delivery itself remains provider-dependent on the same unexecuted transport as A7.1, so this stays Partial.","Capacity races, waitlist promotion and self-cancel preserve history; scheduled reminder success/failure and consent pass.",Final RFP; supplied addenda; source baseline 94c8498 plus bounded September 13 Staff/dashboard/schedule corrections,False,Programs and event workflow completeness
A6.1,Event registration,40,17 / 25,Local,E,Staff registration/cancellation with capacity exists; public registration is not claimed.,Register/restart/cancel restores capacity; duplicate and overcapacity requests fail.,Final RFP; supplied addenda; source baseline 94c8498 plus bounded September 13 Staff/dashboard/schedule corrections,False,
A6.2,Ticketing,40,17 / 25,Local,E,"Unique offline ticket issuance for eligible registered attendees, price snapshot, reasoned cancellation/reissue and ticket-specific check-in history exist. Checked-in cancellation is blocked; posted payment must be voided/reconciled before cancellation. Browser 35 ticket issue/check-in verified.",Accept offline issue/cancel/attendance correction policy and actual receipt trail; no public checkout or provider refund is offered locally.,Final RFP; supplied addenda; source baseline 94c8498 plus bounded September 13 Staff/dashboard/schedule corrections,False,Programs and event workflow completeness
A6.3,Sponsorship tracking,40,17 / 25,Local,"E, F","Versioned sponsor organization/event/value agreements, benefits checklist and existing Sponsorship receipt associations exist. Browser 500 agreement/checklist shows received 0; commitment never creates gifts.",Accept agreement/benefit/accounting examples and manual partial receipt/void reconciliation without duplicate income.,Final RFP; supplied addenda; source baseline 94c8498 plus bounded September 13 Staff/dashboard/schedule corrections,False,
A6.4,Seating,40,17 / 25,Local,E,Versioned table/seat inventory is capacity-checked; active seat/person assignments are unique and registered-attendee only. History locks inventory edits; reasoned cancellation retains evidence. Browser four-seat table/seat 1 verified.,Accept buyer seating layout and reassignment/cancellation policy; prove actual inventory and concurrent collision behavior.,Final RFP; supplied addenda; source baseline 94c8498 plus bounded September 13 Staff/dashboard/schedule corrections,False,
A6.5,Attendance,40,17 / 25,Local,E,Registered attendee/check-in state exists.,Attendance report counts checked-in/registered guests correctly and never invents volunteer hours.,Final RFP; supplied addenda; source baseline 94c8498 plus bounded September 13 Staff/dashboard/schedule corrections,False,
A6.6,Auctions,40,17 / 25,Local,"E, F","Native staff-entered item/minimum-increment bids, immutable bidder/time history, stale guards and explicit highest-bid winner closure exist. Existing actual manual gifts can link separately. Browser 100 item/minimum increment 10/bid 100/confirmed Closed winner 100 shows received 0/balance 100.",Accept offline auction/winner/payment/void policy and actual buyer data; public bidding and provider checkout/refund are not implemented.,Final RFP; supplied addenda; source baseline 94c8498 plus bounded September 13 Staff/dashboard/schedule corrections,False,Programs and event workflow completeness
A6.7,Check-in,40,17 / 25,Local,E,Staff check-in requires valid registration and rejects repeat admission.,Unregistered/repeated check-in fails; saved admission reopens after restart.,Final RFP; supplied addenda; source baseline 94c8498 plus bounded September 13 Staff/dashboard/schedule corrections,False,
A6.8,Event payments,40,17 / 25,Partial,"E, F",Versioned exact-donor/amount/type linkage to existing posted one-time gifts supports ticket/sponsor/auction manual payments with global receipt uniqueness. Voids reopen unpaid balance; future-dated gifts are excluded from as-of received totals. No funds collected or gifts auto-created.,Browser-check actual manual receipt links; approved online checkout/card/ACH/settlement/refund compatibility remains absent and must respect district no-account-connection policy.,Final RFP; supplied addenda; source baseline 94c8498 plus bounded September 13 Staff/dashboard/schedule corrections,False,Programs and event workflow completeness; Hosted giving and external compatibility
A6.9,Planning/checklists/assignments,40,17 / 25,Local,"E, O","Event-linked owned tasks/completion exist; coordinated checklists/assignments/planning depth need buyer agreement. September 15 continuation: Event checklists, optional templates dating responsibilities from the event, assignments that pin the assignee account version, budget lines in exact integer cents and vendor entries that create no constituent identity are implemented. Unresolved responsibilities are listed with their reason, including an owner whose account changed or deactivated. Buyer agreement on planning depth and actual operation remain open; Local is local basic behaviour, not buyer acceptance.","Assigned event responsibilities and completion remain visible to responsible users, with unresolved tasks identifiable.",Final RFP; supplied addenda; source baseline 94c8498 plus bounded September 13 Staff/dashboard/schedule corrections,False,Programs and event workflow completeness
A7.1,Email marketing,40,17 / 25,Partial,C,"Produced Email drafts and manually reviewed correspondence are not a marketing send service. No provider audience/send/delivery execution exists. September 15 continuation: A provider-neutral email marketing service now holds an append-only consent ledger in which a provider observation can only withdraw, a sticky suppression ledger no application route can clear, immutable reviewed recipient snapshots, execution-time recheck of tenant, actor, consent, suppression and source versions that refuses the whole run when stale, idempotent bounded retries, once-only delivery and signed replay-defended event intake. Only a TEST_ONLY transport ships and production transports are refused. No authorized provider account, sending domain, SPF/DKIM/DMARC, feedback loop or delivery evidence exists; a recorded handoff is not delivery, an open, a click or a human reply.","Authorized campaign audience, consent checks, selective sending and provider delivery/failure records pass.",Final RFP; supplied addenda; source baseline 94c8498 plus bounded September 13 Staff/dashboard/schedule corrections,False,"Marketing, delivery and response tracking"
A7.2,Communication segmentation,40,17 / 25,Partial,"P, C","Versioned saved exact segment-token/type/preference criteria, current server eligibility/exclusion previews and explicitly selected digest-bound Messaging correspondence are implemented. Preparation/finalization recheck corpus, consent and current tenant/actor authority; retired definitions preserve immutable history. Buyer-approved audiences and offered provider audience/consent synchronization remain unverified.","Construct buyer-approved audiences from segment criteria, exclude opt-outs and prove authoritative provider sync/revocation if connected marketing is offered.",Final RFP; supplied addenda; source baseline 94c8498 plus bounded September 13 Staff/dashboard/schedule corrections,False,"Marketing, delivery and response tracking"
A7.3,Automated workflows,40,17 / 25,Partial,"O, C","Explicitly reviewed audience/ Messaging-template activations retain a prospective eligibility baseline with no historical backfill. Observed new eligible entries create one native unsent Draft per episode with transactional unique execution, current consent/owner/MFA checks, durable bounded retries, terminal retirement/suppression, administrator-only operational reports and restore-boundary suppression. No provider delivery, recurring campaign sequences or full 6500-contact workload acceptance exists.","Accept the bounded draft-only trigger/action policy or verify approved provider execution, consent withdrawal, failure/retry/duplicate events, required campaign sequences and buyer-scale performance. Human review remains required; Not sent must never become a delivery claim.",Final RFP and supplied addenda; d856d6c baseline plus verified September13 prospective communication-workflow source (644/644 tests).,False,"Marketing, delivery and response tracking"
A7.4,Optional SMS,40,17 / 25,Partial,C,"Optional SMS is not implemented; optional status must be disclosed rather than hidden. September 15 continuation: Optional SMS is implemented as a consented, E.164-validated, length-bounded channel through the same governed execution path, refused unless explicitly configured. No carrier registration, gateway, 10DLC or short-code provisioning exists, and optional status must still be disclosed rather than implied.","If offered, opt-in/send/STOP/failure and message history pass; otherwise explicitly state unavailable option.",Final RFP; supplied addenda; source baseline 94c8498 plus bounded September 13 Staff/dashboard/schedule corrections,False,
A7.5,Mail merge,40,17 / 25,Local,C,"Reusable versioned literal templates produce multi-recipient Print/Email-draft snapshots, exact annual totals, retained human review and stale source/template/membership rejection. Browser two selected recipients rendered correct separate values, human review finalized Not sent and reviewed-text export succeeded. No sending is inferred.","Browser-check approved multi-recipient outputs, encoding, correct values/recipient isolation and buyer printing policy.",Final RFP; supplied addenda; source baseline 94c8498 plus bounded September 13 Staff/dashboard/schedule corrections,False,
A7.6,Communication campaign tracking,40,17 / 26,Partial,"F, C","Fundraising gifts link to campaigns; communication send/engagement attribution is absent. September 15 continuation: Campaign sends, response events and resulting gifts now carry distinct auditable attribution, with one attribution per gift enforced by a uniqueness constraint so tracking can never duplicate revenue, and a voided gift dropping out of the attributed total. Live engagement statistics remain provider-dependent observations.",Marketing campaign sends/responses and resulting gifts preserve distinct auditable attribution.,Final RFP; supplied addenda; source baseline 94c8498 plus bounded September 13 Staff/dashboard/schedule corrections,False,"Marketing, delivery and response tracking"
A7.7,Selective acknowledgment email,40,17 / 26,Partial,C,"Selected eligible configurable Email drafts/Print snapshots and print receipt register exist. Actual CRM-email sending/delivery is absent; human finalization remains Not sent. September 15 continuation: Selective acknowledgment email now sends only explicitly selected, eligible, consented recipients from a finalized preparation, while the gift acknowledgment ledger and the Not sent semantics remain untouched by sending. Actual email delivery remains provider-dependent.","Email only approved selected eligible recipients through an authorized provider with consent, delivery/failure and duplicate-issue evidence, or disclose print-only offered path.",Final RFP; supplied addenda; source baseline 94c8498 plus bounded September 13 Staff/dashboard/schedule corrections,False,"Recurring revenue entry and receipt operations; Marketing, delivery and response tracking"
A7.8,Mailchimp,40,17 / 26,Partial,C,"Administrator-only TEST_ONLY member/status/campaign observations and a separate reviewed existing-member contact-update or unsubscribe slice are verified locally. Binding capacity is now 20,000 and observation/callback/campaign custody 200,000 each; native synthetic testing creates 6,515 validated constituents and verified mock-provider bindings, traverses all pages and checks replay/source changes/suppression. Indexed native duplicate/history lookups replace repeated full scans without changing case/no-trim ambiguity rules. No-write reviews can close under fresh administrator/version/reason/stopped-runner confirmation while retaining immutable originals; attempted or Executing updates remain protected. Production integration remains explicitly blocked. Actual account, reliable early email sending, new-member/bulk lifecycle, inbound adoption, residency and buyer-volume acceptance remain open; capacity alone is not Q&A53 integration completion.","Verify the actual authorized Mailchimp or approved equivalent account/current-contact mapping, source-consent boundaries, complete bidirectional lifecycle/suppression, safe bulk volume, sender/delivery/failure/retry evidence and buyer acceptance. Adopt safe observed-outcome handling for attempted updates whose original authority changed. Provider subscribed observations must not grant consent or clear sticky denial.",All procurement documents/public clarifications and September 13 local contact-scale/disposition continuation; see CONTACT-AND-INTELLIGENCE-CLOSURE.md; actual provider/buyer acceptance pending,False,"Marketing, delivery and response tracking"
A7.9,Response tracking,40,17 / 26,Partial,C,"Signed simulated unsubscribe/cleaned/removal/address-change response evidence retains marketing-only denial through stale subscribed reads and retire/rebind. Versioned read-only campaign sent/bounce/unsubscribe/open/click snapshots replace current totals with immutable prior evidence and optimistic stale-read checks. Observations do not prove human replies, readership or actual CRM delivery. September 13 continuation: indexed binding pages and constituent-filtered contact-intent history include earlier bindings; no-write closure retains exact actor/reason/version/hash evidence. This does not add provider sending, human-response attribution or executed buyer acceptance.",Execute approved provider bounce/unsubscribe/removal/statistics and response-attribution acceptance; adopt consent/resubscription/erasure/retention policy and full source history/volume. Complete actual governed email marketing delivery separately; preserve donor financial and printed-acknowledgment history.,All procurement documents/public clarifications and September 13 local contact-scale/disposition continuation; see CONTACT-AND-INTELLIGENCE-CLOSURE.md; actual provider/buyer acceptance pending,False,"Marketing, delivery and response tracking"
A8.1,Many school/department child designations,50,18 / 26,Partial,"P, F","Validated designation hierarchy/account codes exist; representative large-volume district acceptance is absent. September 15 continuation: Designations now link to unique location/function accounts, and rollups reconcile exactly to posted gift allocations at a representative 1,622-designation, 60-location, 1,800-allocation scale with query plans asserted to stay indexed. Buyer-scale acceptance still depends on the buyer actual designation list and code scheme.",Buyer-scale parent/child designations retain school/department links and accurate allocation/filter results.,Final RFP; supplied addenda; source baseline 94c8498 plus bounded September 13 Staff/dashboard/schedule corrections,False,
A8.2,Card/payroll uploads,40,18 / 26,Partial,F,Atomic gift CSV supports all recorded revenue classes; buyer SchoolWindows/Successfund and payroll Excel-to-CSV source mappings and direct Excel handling are unaccepted. External reconciliation using reports is sufficient; no bank connection required.,Approved buyer all-revenue source files preview/import once; payroll Excel-to-CSV and provider exports reconcile via CRM reports; invalid batch rolls back.,Final RFP; supplied addenda; source baseline 94c8498 plus bounded September 13 Staff/dashboard/schedule corrections,False,Conversion and source custody; Recurring revenue entry and receipt operations
A8.3,Minimum 4–6 users,40,18 / 26,Local,I,"Optional event-helper role has zero grants until reasoned/versioned administrator assignment. Dedicated minimal issued-ticket check-in denies broad business access; assignment/role/suspension revokes sessions and retained grants do not reactivate. Synthetic native/browser access and attendance passed. Buyer board-entry duties, no-extra-cost terms and four-full/two-helper concurrent acceptance remain open. September 15 continuation: Plan entitlements are enforced at execution rather than displayed: four full seats plus two non-administrator helper seats, with a fifth full user and third helper refused. Invitations are single-use signed tokens with the role bound into the signature, and the acceptance route is workspace-bound so an invitation issued in one workspace cannot be accepted against another. The acceptance scenario runs fourteen concurrent operations across six sessions, then stale-write resolution, suspension revoking sessions and suppressing queued invitations, then restart with history intact. The no-added-cost commercial term is contractual, not code.",Q&A86: four full users exercise allowed/denied workflows concurrently; two optional nonadmin board/event entry helpers if no added cost; stale writes and suspension/session revocation pass.,Final RFP; supplied addenda; source baseline 94c8498 plus bounded September 13 Staff/dashboard/schedule corrections,False,Ordinary and helper access
A8.4,Dashboard/trends,50,18 / 26,Local,"D, R",Database-backed dashboard giving metrics/trends and drill-through exist.,Each displayed metric/trend reconciles to scoped underlying records and fiscal-period filters.,Final RFP; supplied addenda; source baseline 94c8498 plus bounded September 13 Staff/dashboard/schedule corrections,False,
A8.5,Reminders/to-do lists,40,18 / 26,Local,O,"Owned dated tasks/to-do queue plus private one-shot UTC reminder schedules, current-source inbox delivery, reasoned retained cancellation, bounded retries and terminal suppression after source/access changes are tested. No email, recurrence or escalation engine is offered by this slice; agreed policies and buyer acceptance remain open. September 15 continuation: Owned dated tasks and one-shot reminders are now joined by recurrence with month-end clamping and escalation to a different active account, both suppressing rather than retargeting when an owner account version changes or a task is reassigned, with the existing reminder engine unmodified. External delivery is still not claimed by any state.",Create/complete dated task; authorized reminder/retry reaches correct owner and completion stops future action.,Final RFP; supplied addenda; source baseline 94c8498 plus bounded September 13 Staff/dashboard/schedule corrections,False,"Marketing, delivery and response tracking"
A8.6,Multiple profile contacts,40,18 / 26,Local,P,Profile supports up to 50 named/email/role contacts.,Multiple business contacts reopen independently without replacing constituent identity or giving history.,Final RFP; supplied addenda; source baseline 94c8498 plus bounded September 13 Staff/dashboard/schedule corrections,False,
A8.7,Workspace/Office/processors/giving/SSO/APIs,40,18 / 26,Partial,"X, I","Authenticated internal APIs, isolated tenant platform and workspace MFA exist. Google Workspace/Microsoft Office/processors/giving-platform connectors and preferred federated SSO are absent; MFA is not SSO. September 15 continuation: An OIDC/OAuth2 boundary now validates discovery, JWKS, state, nonce and PKCE, and maps claims to roles, with admin unmappable from a claim. It is disabled by default, contacts no provider, issues no workspace session and is refused in production without explicit configuration and authorization; MFA remains separate from SSO. Google Workspace, Microsoft Office, processor and giving-platform connectors remain absent, and plan connector entitlements cannot currently be layered over the Mailchimp and marketing-response connectors because those install before the extension seam.","Answer and test each offered connector separately, including scope/mapping/failure/disconnect; prove preferred SSO lifecycle if offered. Never promise district payment account connection.",Final RFP; supplied addenda; source baseline 94c8498 plus bounded September 13 Staff/dashboard/schedule corrections,False,Hosted giving and external compatibility
A8.8,Subaccounts/multiple locations,40,18 / 26,Local,"P, F","School/location text and account code exist; accepted multi-location/subaccount relationship mapping is absent; a general ledger is not explicitly required by this criterion. September 15 continuation: Unique three-digit locations, four-digit functions and unique location/function account pairs are implemented, with a designation account link whose primary key makes double posting structurally impossible rather than arithmetically avoided, so one function shared across many locations counts once. Retirement closes new links only and changes no recorded history, and a rollup that cannot reconcile exactly to posted allocations is refused rather than shown. Open buyer question, deliberately not answered: whether one designation must report under several accounts at once, which would require an explicit apportionment rule.",Approved account/location hierarchy supports shared/different locations and reconciling reports without double posting.,Final RFP; supplied addenda; source baseline 94c8498 plus bounded September 13 Staff/dashboard/schedule corrections,False,
A8.9,Stripe compatibility,40,18 / 26,Partial,"X, F","Pinned official Stripe22.6.2 SDK (API2026-08-26.dahlia), hosted_page Sessions, raw signed tenant-scoped callbacks, immutable request/event/link custody and explicit native reconciliation are locally tested. No external Stripe account/checkout was executed and production test enablement is refused.","Provide approved vendor-controlled executed Stripe compatibility and independent sandbox evidence, adopt financial/custody operations and manual-file mapping; disclose Q&A86 no buyer Stripe account or permitted district account connection.","Final RFP and supplied addenda/Q&A; September13 hosted-giving frozen source,717 integrated tests and mocked-provider built journey; actual provider/buyer acceptance remains open",False,Hosted giving and external compatibility
A8.10,Sponsorship versus donation,50,18 / 26,Local,"F, E, C","Separate Cash/Sponsorship/Fee recorded classifications and report totals, sponsor organization/event agreements, benefits and manual actual Sponsorship receipt associations exist. Receipt benefit wording does not determine deductions.",Buyer approves accounting/benefit/receipt distinctions and account mappings; actual examples reconcile once per gift.,Final RFP; supplied addenda; source baseline 94c8498 plus bounded September 13 Staff/dashboard/schedule corrections,False,
B1,Standard reports,50,18 / 27,Local,R,Thirteen standard report behaviors and an expanded custom business-data/metadata catalog provide current-data reporting. Full buyer field inventory/scale and governed all-stored-data output remain unaccepted.,"Reconcile standard outputs and exact field inventory against current/migrated buyer data, including metadata/history access and deliberate credential exclusions.",Final RFP; supplied addenda; source baseline 94c8498 plus bounded September 13 Staff/dashboard/schedule corrections,False,Core reporting and staff comfort
B2,Custom report builder,50,18 / 27,Local,R,"Versioned curated reports calculate complete eligible selected-source counts and aggregates before bounded detail/group pages. Synthetic fixtures verify a late match among 10,001 gifts, 20,002 allocation rows, 301-row pagination, exact cents, stale source/definition/role/tenant rejection and current/historical privacy. Complete matched protected provenance remains checked beyond the displayed page. Selected raw metadata/history acquisition and projected matching source are capped at 100,000 rows; projected clean facts at 64 MB and complete result/provenance at 1 MB. Native lists are materialized before processing limits. Initial metadata field discovery samples 100 rows. Explicit selected-source field review inspects all authorized projected rows under 100,000-row/64 MB facts/1 MB schema bounds before discovery, returns only selected schema/counts, and includes authorized voided gift fields without changing filters or native financial status. Four-level/100-array-item nested discovery limits remain. Saved missing-field filters are gated until review and exact signed monetary values/arrays are preserved through schema refresh and reload. Separate source-pinned complete CSV exports all result rows and original saved text, with exact USD cents and full matched privacy provenance under 8 MB CSV/12 MB response limits; display pages retain their earlier bounds. Oversize or stale complete exports are refused before download. Actual buyer field coverage, ten-year volume/performance and accepted complete extraction remain open.","Accept complete buyer field/history inventory, rare optional fields, actual ten-year volume/performance, bounded-output/full-detail export policy and source reconciliation; agree staffed delivery timeframe.","All 12 procurement files and directly verified public clarifications; September 13 option-2 local synthetic engineering checkpoint, see CORE-CLOSURE-RELEASE.md; no production or buyer acceptance",False,Core reporting and staff comfort
B3,Reporting dashboards,50,18 / 27,Local,"D, R",Database-derived dashboard and supporting records exist.,Dashboard/report totals agree under matching date/type/fiscal scope and empty data behaves accurately.,Final RFP; supplied addenda; source baseline 94c8498 plus bounded September 13 Staff/dashboard/schedule corrections,False,
B4,Fundraising analytics,50,18 / 27,Local,"D, R","Recorded-data retention/new/reactivated cohorts, matched current/prior periods, campaign comparison, gift size/frequency and source drill-through/CSV exist. Fiscal overrides/cutoff and exact totals are tested; browser source drill-through verified.","Accept buyer analytics definitions, excluded fee/noncash semantics, complete source history and actual-data cohort/totals.",Final RFP; supplied addenda; source baseline 94c8498 plus bounded September 13 Staff/dashboard/schedule corrections,False,
B5,Board reports,50,18 / 27,Partial,"R, I","Read-only shared reports exist; approved board outputs are unverified. Q&A54 requires no school-level report restriction for JEF-only personnel; optional helper/nonadmin role policy still needs acceptance. September 15 continuation: A board pack now assembles the drilldowns the buyer named, by campaign, in-kind versus monetary by donor, by school location and by program, plus first and last gift dates and standard totals, and refuses the whole pack unless every drilldown reconciles to those totals. The location drilldown reports linked designations under their location/function account and falls back to the designation school field otherwise, labelling each row with its source rather than blending them. Buyer-approved board output remains unverified.",Buyer-approved board pack matches live/migrated data and respects agreed nonadmin helper permissions without inventing school-report denial.,Final RFP; supplied addenda; source baseline 94c8498 plus bounded September 13 Staff/dashboard/schedule corrections,False,Core reporting and staff comfort
B6,Excel/PDF export,50,18 / 27,Partial,R,"Excel-compatible CSV and browser print/save PDF exist. Custom reports separately export the visible page or every result row with full saved text after current source/definition/user/role/tenant proof and complete matched privacy checks. Full CSV uses exact integer-cent USD values and protected text/labels. Synthetic 301-row native download, undisplayed last row, Unicode/long text, stale source and explicit 8 MB CSV/12 MB response overflow refusal are verified. CSV is not a typed native workbook; actual Excel/PDF fidelity, buyer field/history/volume reconciliation and institutional acceptance remain open. September 15 continuation: A genuine typed Office Open XML workbook, a server-generated PDF and RTF now exist for the same source-pinned, privacy-rechecked, complete result, with money as numeric cells carrying exact cent-derived decimals, dates as date serials and formula-injection protection retained on spreadsheet targets. Verification is structural: tests unzip the workbook and assert cell types and values and parse the PDF cross-reference table. No Office or Acrobat client runs in this environment, so rendering fidelity and the written acceptance of opening the files in Excel remain unproved, and the disposition stays Partial.","Open downloaded CSV in Excel and saved PDF; verify encoding/formula protection, columns, pages/totals and buyer acceptance.","All 12 procurement files and directly verified public clarifications; September 13 option-2 local synthetic engineering checkpoint, see CORE-CLOSURE-RELEASE.md; no production or buyer acceptance",False,Core reporting and staff comfort
B7,Scheduled reporting,50,18 / 27,Local,"R, I","Persisted UTC Hourly/Daily/Weekly internal schedules execute while the server runs and retain immutable bounded output snapshots with definition/version/execution time. Matching counts and calculations cover the complete eligible selected source before paging; scheduled detail is the first page. ALL-matched retained privacy references are rechecked, including beyond the stored page. Current interactive runs page under source fingerprints. Active owner/tenant and required-role privacy checks, reasoned terminal retirement and retained deliveries exist; hosted uptime/monitoring/support and buyer acceptance remain open.",Accept UTC/internal delivery/catch-up and failure cadence; provide hosted uptime/monitoring/support. External scheduled email is not implemented and is not required for this offered internal path.,"All 12 procurement files and directly verified public clarifications; September 13 option-2 local synthetic engineering checkpoint, see CORE-CLOSURE-RELEASE.md; no production or buyer acceptance",False,
B8,Revenue-type reporting,50,18 / 27,Local,"R, F",Cash/in-kind/grant/fee/employee/sponsorship filters and fee exclusion exist.,"All five named buyer revenue classes report separately, with void and noncash/fee cases reconciled.",Final RFP; supplied addenda; source baseline 94c8498 plus bounded September 13 Staff/dashboard/schedule corrections,False,Core reporting and staff comfort
B9,Fiscal school-year assignment/filter,50,18 / 27,Local,"R, F, I",Dedicated versioned authorized school-year override/reset with reason/audit persists independently of date/money; effective year is honored in reports/filters/dashboard/exports and fiscal-setting reformats preserve anchor. Browser override/reset/report verification completed.,Accept July 1-June 30 correction policy and actual buyer date/year reports; original dates still govern date cutoffs/charts.,Final RFP; supplied addenda; source baseline 94c8498 plus bounded September 13 Staff/dashboard/schedule corrections,False,Core reporting and staff comfort
B10,Six specified operational reports,60,18–19 / 27,Local,R,"All six requested report behaviors exist: donor totals, designation totals, fee exclusion, first-time donors, inactivity/contact follow-up, first/last giving dates.","Buyer sample proves a-f including no-contact versus no-gift reasons, full-history first gift, period totals and fee exclusion.",Final RFP; supplied addenda; source baseline 94c8498 plus bounded September 13 Staff/dashboard/schedule corrections,False,Core reporting and staff comfort
C1,NonProfitEasy historical conversion,40,19 / 28,Partial,"F, P, Q","Normalized constituents with strict contacts, designations, campaigns, posted gifts and explicitly shared dated Logged interactions retain dependency validation, signed preview, atomic per-part commit, exact-cent reconciliation and durable replay-safe source maps. Guided browser preparation splits larger files into reviewed dependency-ordered parts without changing native 500-row/2 MiB request limits. Actual backend synthetic fixtures import 6,515 constituents and 1,622 designations through 18 reviewed parts, preserve contact preferences/parents/account codes and replay without duplicate custody. Separate five-gift historical fixtures verify 43,003 cents; no full ten-year gift inventory or actual NonProfitEasy export was converted. Retained namespace controls are not proof that the entire buyer export was supplied.","Obtain actual ten-year exports before November 30; complete all entity/history/void/file mappings, trial/delta/final counts and amounts, provenance and signed reconciliation/recovery acceptance.","All 12 procurement files and directly verified public clarifications; September 13 option-2 local synthetic engineering checkpoint, see CORE-CLOSURE-RELEASE.md; no production or buyer acceptance",False,Conversion and source custody
C2,Current contacts conversion (Q&A71 correction),40,19 / 28,Partial,"G, P, Q","Q&A71 corrects original contracts wording to current contacts; no contracts migration is required. Normalized constituent conversion preserves strict contact name/email/role arrays and parent/source relationships. Native synthetic guided conversion verifies 6,515 constituent profiles and 1,622 designations, explicit contact preferences, contact fields and replay/restart conservation. The browser verifies a 501-profile file exceeding the single-batch upload limit. These are synthetic profiles/contacts, not an accepted actual buyer contact inventory. Actual export, complete field mapping, duplicates and acceptance remain open. Agreement revision conversion is an additional capability.","Convert the actual current-contact export with agreed names, email/phone, contact roles and supplied relationships; reconcile source counts/fields and duplicates, rerun/restart without losses or duplicate contacts, and obtain buyer acceptance. Do not require contract conversion under corrected C2.","All 12 procurement files and directly verified public clarifications; September 13 option-2 local synthetic engineering checkpoint, see CORE-CLOSURE-RELEASE.md; no production or buyer acceptance",False,Conversion and source custody
C3,Implementation services,40,19 / 28,Partial,Q,"Local source, configuration, guides/tests and architecture plan exist; staffed end-to-end delivery has not occurred.","Named PM owns configuration, conversion, testing, go-live, documentation, administrator/end-user training and acceptance signoff.",Final RFP; supplied addenda; source baseline 94c8498 plus bounded September 13 Staff/dashboard/schedule corrections,False,Durable service and recovery; Bid and service evidence
C4,Professional development/timeline,40,19 / 28,Evidence required,Q,No agreed initial/ongoing professional development staffing/timeline exists.,"Contracted learning options/materials and dependency-based implementation/training schedule accepted; base target is Nov 1 2026, not a promised completion.",Final RFP; supplied addenda; source baseline 94c8498 plus bounded September 13 Staff/dashboard/schedule corrections,False,Bid and service evidence
C5,Support/updates/human vs AI,40,19 / 28,Evidence required,Q,"Local help and optional AI assistance exist; an adopted staffed helpdesk/CSM/SLA/update/security-update service does not. Q&A57 requires Monday-Friday 8 AM-5 PM Mountain support and noncritical response within 24 hours; no afterhours requirement and a named dedicated contact is preferred, not mandatory. Support, training and provider infrastructure must be funded in the actual offer.","Adopt funded support ownership, human escalation, business-hour and noncritical-response terms, documented contact/helpdesk/knowledge base, software/security update procedures and offered AI boundaries. Meet exact Q57 terms without inventing an afterhours or dedicated-contact disqualification.",All 12 supplied procurement documents and directly verified public Q57; September 13 review checkpoint 8dfdc28,False,Bid and service evidence
C6,Data protection/DPA/FERPA,40,19 / 28,Partial,"I, P, Q","Role/CSRF/session lifecycle, tenant isolation, private documents, restricted helper projections and immutable access history exist. Complete selected-source report privacy provenance is rechecked even beyond the stored page; newly private last-page historical evidence denies retained staff results in synthetic tests. Actual institutional history, approved retention/exit/disposal across all ledgers, executed DPA/data schedule and LearnPlatform approval remain unverified. September 15 continuation: Retention classes at the ten-year minimum, legal hold that blocks both record deletion and identity merge and is rechecked at disposition time, and deletion states that record a disposition without destroying history are now implemented. Executed DPA, LearnPlatform approval, an adopted district-approved retention schedule and verified residency for database, logs, backups and subprocessors remain organizational.","Approve protected names/contact/data schedule, institutional historical retention/holds/exit operations and authorized DPA/LearnPlatform evidence; no school-scoped report denial is required by Q&A54.","All 12 procurement files and directly verified public clarifications; September 13 option-2 local synthetic engineering checkpoint, see CORE-CLOSURE-RELEASE.md; no production or buyer acceptance",False,Ordinary and helper access; Durable service and recovery; Controlled privacy rights and disposition; Bid and service evidence
C7,Security/assurance/recovery,40,19–20 / 29,Partial,"I, Q","Production MFA is locally enforced for administrator, staff, viewer and event helper with own enrollment, fresh factors, single-use recovery and required-disable denial. Encrypted native/platform new-path recovery and retained audit exist. New private operator-invoked Daily/Weekly offline recovery scheduling reserves one occurrence before archiving, verifies a new-root restore, blocks ambiguous runs and supports explicit same-archive recovery; optional off-host version readback is tested only with a synthetic private adapter. No daemon or hosted schedule was installed; local verification never counts as off-host verification. Hosted encryption, approved key/data custody, operated off-host cadence, buyer-scale timed recovery, monitoring, CIS/equivalent assurance and attended support remain open. September 15 continuation: Request-level security telemetry now exists where the application previously logged only internal errors, with allowlist-based redaction, durable counters, alert hooks inert until a deployment owner supplies a transport, and readiness that separates process-up from dependency-usable and fails closed. A PostgreSQL persistence boundary, explicit forward-only migrations, tenant isolation proved under row-level security, transactional financial writes and verified restore were exercised against a real database and object store; the application still runs on SQLite and none of it is in a running code path. Deployment constraint discovered: the application must not connect as the database owner, because row-level security is ineffective under a superuser connection. Hosted encryption, key custody, operated off-host cadence, timed buyer-scale recovery, monitored delivery and assurance remain operational.","Complete real all-role enrollment and approved recovery/access procedures; operate country-approved durable custody, off-host backup and timed recovery, monitoring, CIS/equivalent assurance and attended support controls. Reconcile privacy/retention and obtain buyer acceptance. Local MFA tests do not establish hosted operations or C7 completion.","All 12 procurement files and directly verified public clarifications; September 13 option-2 local synthetic engineering checkpoint, see CORE-CLOSURE-RELEASE.md; no production or buyer acceptance",False,Ordinary and helper access; Durable service and recovery; Controlled privacy rights and disposition; Bid and service evidence
C8,Cybersecurity/breach response,40,20 / 29,Evidence required,Q,"Draft security operations and application containment exist; staffed monitoring/response/notice exercises are unverified. Q&A15 adds suspected-incident notice within three business days and confirmed supplemental reporting within ten business days after initial notice. The DPA separately requires notice within 72 hours of confirmed breach. These triggers/deadlines require an adopted combined process, not an assertion that one replaces the others. September 15 continuation: Incident evidence templates now encode the three distinct clocks correctly, suspected notice within three business days, confirmed supplemental within ten business days of initial notice, and the separate DPA seventy-two-hour confirmed-breach notice, and alertable counters exist for the first time. Adopting and staffing the process, operating a monitoring service and performing a recorded tabletop remain organizational and unproved.","Adopt responsible incident/notice contacts, suspected and confirmed trigger timelines, DPA/Exhibit G reporting, containment/evidence/cooperation and documented tabletop/monitoring proof.",All 12 supplied procurement documents and directly verified public Q15; September 13 review checkpoint 8dfdc28,False,Durable service and recovery; Controlled privacy rights and disposition; Bid and service evidence
